id,field,category,term,description,study_tip
G001,基礎分野,解剖生理,肺胞,肺でガス交換を行う小さな構造。,定義、目的、実務上の使い方をセットで確認する。
G002,基礎分野,病理,炎症,組織障害に対する生体反応。,定義、目的、実務上の使い方をセットで確認する。
G003,基礎分野,臨床医学,糖尿病,慢性的な高血糖を特徴とする代謝疾患。,定義、目的、実務上の使い方をセットで確認する。
G004,専門分野,診療録管理,真正性,記録が正当な作成者により作成され改ざんされていない性質。,定義、目的、実務上の使い方をセットで確認する。
G005,専門分野,診療録管理,見読性,必要時に記録内容を読んで理解できる性質。,定義、目的、実務上の使い方をセットで確認する。
G006,専門分野,診療録管理,保存性,定められた期間、記録を利用可能な状態で保管する性質。,定義、目的、実務上の使い方をセットで確認する。
G007,専門分野,疾病分類,ICD,疾病および関連保健問題の国際統計分類。,定義、目的、実務上の使い方をセットで確認する。
G008,専門分野,DPC,MDC,主要診断群。DPC分類の大きな枠組み。,定義、目的、実務上の使い方をセットで確認する。
G009,専門分野,DPC,様式1,DPC調査で提出する診療情報データの一つ。,定義、目的、実務上の使い方をセットで確認する。
G010,専門分野,医療統計,平均在院日数,延在院患者数を退院患者数等で割って算出する代表的指標。,定義、目的、実務上の使い方をセットで確認する。
G011,専門分野,医療情報,監査ログ,誰がいつ何を行ったかを確認するための記録。,定義、目的、実務上の使い方をセットで確認する。
G012,専門分野,がん登録,進展度,がんの広がりを示す登録項目。,定義、目的、実務上の使い方をセットで確認する。
G013,基礎分野,解剖生理,肺胞 13,肺でガス交換を行う小さな構造。,定義、目的、実務上の使い方をセットで確認する。
G014,基礎分野,病理,炎症 14,組織障害に対する生体反応。,定義、目的、実務上の使い方をセットで確認する。
G015,基礎分野,臨床医学,糖尿病 15,慢性的な高血糖を特徴とする代謝疾患。,定義、目的、実務上の使い方をセットで確認する。
G016,専門分野,診療録管理,真正性 16,記録が正当な作成者により作成され改ざんされていない性質。,定義、目的、実務上の使い方をセットで確認する。
G017,専門分野,診療録管理,見読性 17,必要時に記録内容を読んで理解できる性質。,定義、目的、実務上の使い方をセットで確認する。
G018,専門分野,診療録管理,保存性 18,定められた期間、記録を利用可能な状態で保管する性質。,定義、目的、実務上の使い方をセットで確認する。
G019,専門分野,疾病分類,ICD 19,疾病および関連保健問題の国際統計分類。,定義、目的、実務上の使い方をセットで確認する。
G020,専門分野,DPC,MDC 20,主要診断群。DPC分類の大きな枠組み。,定義、目的、実務上の使い方をセットで確認する。
G021,専門分野,DPC,様式1 21,DPC調査で提出する診療情報データの一つ。,定義、目的、実務上の使い方をセットで確認する。
G022,専門分野,医療統計,平均在院日数 22,延在院患者数を退院患者数等で割って算出する代表的指標。,定義、目的、実務上の使い方をセットで確認する。
G023,専門分野,医療情報,監査ログ 23,誰がいつ何を行ったかを確認するための記録。,定義、目的、実務上の使い方をセットで確認する。
G024,専門分野,がん登録,進展度 24,がんの広がりを示す登録項目。,定義、目的、実務上の使い方をセットで確認する。
G025,基礎分野,解剖生理,肺胞 25,肺でガス交換を行う小さな構造。,定義、目的、実務上の使い方をセットで確認する。
G026,基礎分野,病理,炎症 26,組織障害に対する生体反応。,定義、目的、実務上の使い方をセットで確認する。
G027,基礎分野,臨床医学,糖尿病 27,慢性的な高血糖を特徴とする代謝疾患。,定義、目的、実務上の使い方をセットで確認する。
G028,専門分野,診療録管理,真正性 28,記録が正当な作成者により作成され改ざんされていない性質。,定義、目的、実務上の使い方をセットで確認する。
G029,専門分野,診療録管理,見読性 29,必要時に記録内容を読んで理解できる性質。,定義、目的、実務上の使い方をセットで確認する。
G030,専門分野,診療録管理,保存性 30,定められた期間、記録を利用可能な状態で保管する性質。,定義、目的、実務上の使い方をセットで確認する。
G031,専門分野,疾病分類,ICD 31,疾病および関連保健問題の国際統計分類。,定義、目的、実務上の使い方をセットで確認する。
G032,専門分野,DPC,MDC 32,主要診断群。DPC分類の大きな枠組み。,定義、目的、実務上の使い方をセットで確認する。
G033,専門分野,DPC,様式1 33,DPC調査で提出する診療情報データの一つ。,定義、目的、実務上の使い方をセットで確認する。
G034,専門分野,医療統計,平均在院日数 34,延在院患者数を退院患者数等で割って算出する代表的指標。,定義、目的、実務上の使い方をセットで確認する。
G035,専門分野,医療情報,監査ログ 35,誰がいつ何を行ったかを確認するための記録。,定義、目的、実務上の使い方をセットで確認する。
G036,専門分野,がん登録,進展度 36,がんの広がりを示す登録項目。,定義、目的、実務上の使い方をセットで確認する。
G037,基礎分野,解剖生理,肺胞 37,肺でガス交換を行う小さな構造。,定義、目的、実務上の使い方をセットで確認する。
G038,基礎分野,病理,炎症 38,組織障害に対する生体反応。,定義、目的、実務上の使い方をセットで確認する。
G039,基礎分野,臨床医学,糖尿病 39,慢性的な高血糖を特徴とする代謝疾患。,定義、目的、実務上の使い方をセットで確認する。
G040,専門分野,診療録管理,真正性 40,記録が正当な作成者により作成され改ざんされていない性質。,定義、目的、実務上の使い方をセットで確認する。
G041,専門分野,診療録管理,見読性 41,必要時に記録内容を読んで理解できる性質。,定義、目的、実務上の使い方をセットで確認する。
G042,専門分野,診療録管理,保存性 42,定められた期間、記録を利用可能な状態で保管する性質。,定義、目的、実務上の使い方をセットで確認する。
G043,専門分野,疾病分類,ICD 43,疾病および関連保健問題の国際統計分類。,定義、目的、実務上の使い方をセットで確認する。
G044,専門分野,DPC,MDC 44,主要診断群。DPC分類の大きな枠組み。,定義、目的、実務上の使い方をセットで確認する。
G045,専門分野,DPC,様式1 45,DPC調査で提出する診療情報データの一つ。,定義、目的、実務上の使い方をセットで確認する。
G046,専門分野,医療統計,平均在院日数 46,延在院患者数を退院患者数等で割って算出する代表的指標。,定義、目的、実務上の使い方をセットで確認する。
G047,専門分野,医療情報,監査ログ 47,誰がいつ何を行ったかを確認するための記録。,定義、目的、実務上の使い方をセットで確認する。
G048,専門分野,がん登録,進展度 48,がんの広がりを示す登録項目。,定義、目的、実務上の使い方をセットで確認する。
G049,基礎分野,解剖生理,肺胞 49,肺でガス交換を行う小さな構造。,定義、目的、実務上の使い方をセットで確認する。
G050,基礎分野,病理,炎症 50,組織障害に対する生体反応。,定義、目的、実務上の使い方をセットで確認する。
G051,基礎分野,臨床医学,糖尿病 51,慢性的な高血糖を特徴とする代謝疾患。,定義、目的、実務上の使い方をセットで確認する。
G052,専門分野,診療録管理,真正性 52,記録が正当な作成者により作成され改ざんされていない性質。,定義、目的、実務上の使い方をセットで確認する。
G053,専門分野,診療録管理,見読性 53,必要時に記録内容を読んで理解できる性質。,定義、目的、実務上の使い方をセットで確認する。
G054,専門分野,診療録管理,保存性 54,定められた期間、記録を利用可能な状態で保管する性質。,定義、目的、実務上の使い方をセットで確認する。
G055,専門分野,疾病分類,ICD 55,疾病および関連保健問題の国際統計分類。,定義、目的、実務上の使い方をセットで確認する。
G056,専門分野,DPC,MDC 56,主要診断群。DPC分類の大きな枠組み。,定義、目的、実務上の使い方をセットで確認する。
G057,専門分野,DPC,様式1 57,DPC調査で提出する診療情報データの一つ。,定義、目的、実務上の使い方をセットで確認する。
G058,専門分野,医療統計,平均在院日数 58,延在院患者数を退院患者数等で割って算出する代表的指標。,定義、目的、実務上の使い方をセットで確認する。
G059,専門分野,医療情報,監査ログ 59,誰がいつ何を行ったかを確認するための記録。,定義、目的、実務上の使い方をセットで確認する。
G060,専門分野,がん登録,進展度 60,がんの広がりを示す登録項目。,定義、目的、実務上の使い方をセットで確認する。
G061,基礎分野,解剖生理,肺胞 61,肺でガス交換を行う小さな構造。,定義、目的、実務上の使い方をセットで確認する。
G062,基礎分野,病理,炎症 62,組織障害に対する生体反応。,定義、目的、実務上の使い方をセットで確認する。
G063,基礎分野,臨床医学,糖尿病 63,慢性的な高血糖を特徴とする代謝疾患。,定義、目的、実務上の使い方をセットで確認する。
G064,専門分野,診療録管理,真正性 64,記録が正当な作成者により作成され改ざんされていない性質。,定義、目的、実務上の使い方をセットで確認する。
G065,専門分野,診療録管理,見読性 65,必要時に記録内容を読んで理解できる性質。,定義、目的、実務上の使い方をセットで確認する。
G066,専門分野,診療録管理,保存性 66,定められた期間、記録を利用可能な状態で保管する性質。,定義、目的、実務上の使い方をセットで確認する。
G067,専門分野,疾病分類,ICD 67,疾病および関連保健問題の国際統計分類。,定義、目的、実務上の使い方をセットで確認する。
G068,専門分野,DPC,MDC 68,主要診断群。DPC分類の大きな枠組み。,定義、目的、実務上の使い方をセットで確認する。
G069,専門分野,DPC,様式1 69,DPC調査で提出する診療情報データの一つ。,定義、目的、実務上の使い方をセットで確認する。
G070,専門分野,医療統計,平均在院日数 70,延在院患者数を退院患者数等で割って算出する代表的指標。,定義、目的、実務上の使い方をセットで確認する。
G071,専門分野,医療情報,監査ログ 71,誰がいつ何を行ったかを確認するための記録。,定義、目的、実務上の使い方をセットで確認する。
G072,専門分野,がん登録,進展度 72,がんの広がりを示す登録項目。,定義、目的、実務上の使い方をセットで確認する。
G073,基礎分野,解剖生理,肺胞 73,肺でガス交換を行う小さな構造。,定義、目的、実務上の使い方をセットで確認する。
G074,基礎分野,病理,炎症 74,組織障害に対する生体反応。,定義、目的、実務上の使い方をセットで確認する。
G075,基礎分野,臨床医学,糖尿病 75,慢性的な高血糖を特徴とする代謝疾患。,定義、目的、実務上の使い方をセットで確認する。
G076,専門分野,診療録管理,真正性 76,記録が正当な作成者により作成され改ざんされていない性質。,定義、目的、実務上の使い方をセットで確認する。
G077,専門分野,診療録管理,見読性 77,必要時に記録内容を読んで理解できる性質。,定義、目的、実務上の使い方をセットで確認する。
G078,専門分野,診療録管理,保存性 78,定められた期間、記録を利用可能な状態で保管する性質。,定義、目的、実務上の使い方をセットで確認する。
G079,専門分野,疾病分類,ICD 79,疾病および関連保健問題の国際統計分類。,定義、目的、実務上の使い方をセットで確認する。
G080,専門分野,DPC,MDC 80,主要診断群。DPC分類の大きな枠組み。,定義、目的、実務上の使い方をセットで確認する。
G081,専門分野,DPC,様式1 81,DPC調査で提出する診療情報データの一つ。,定義、目的、実務上の使い方をセットで確認する。
G082,専門分野,医療統計,平均在院日数 82,延在院患者数を退院患者数等で割って算出する代表的指標。,定義、目的、実務上の使い方をセットで確認する。
G083,専門分野,医療情報,監査ログ 83,誰がいつ何を行ったかを確認するための記録。,定義、目的、実務上の使い方をセットで確認する。
G084,専門分野,がん登録,進展度 84,がんの広がりを示す登録項目。,定義、目的、実務上の使い方をセットで確認する。
G085,基礎分野,解剖生理,肺胞 85,肺でガス交換を行う小さな構造。,定義、目的、実務上の使い方をセットで確認する。
G086,基礎分野,病理,炎症 86,組織障害に対する生体反応。,定義、目的、実務上の使い方をセットで確認する。
G087,基礎分野,臨床医学,糖尿病 87,慢性的な高血糖を特徴とする代謝疾患。,定義、目的、実務上の使い方をセットで確認する。
G088,専門分野,診療録管理,真正性 88,記録が正当な作成者により作成され改ざんされていない性質。,定義、目的、実務上の使い方をセットで確認する。
G089,専門分野,診療録管理,見読性 89,必要時に記録内容を読んで理解できる性質。,定義、目的、実務上の使い方をセットで確認する。
G090,専門分野,診療録管理,保存性 90,定められた期間、記録を利用可能な状態で保管する性質。,定義、目的、実務上の使い方をセットで確認する。
G091,専門分野,疾病分類,ICD 91,疾病および関連保健問題の国際統計分類。,定義、目的、実務上の使い方をセットで確認する。
G092,専門分野,DPC,MDC 92,主要診断群。DPC分類の大きな枠組み。,定義、目的、実務上の使い方をセットで確認する。
G093,専門分野,DPC,様式1 93,DPC調査で提出する診療情報データの一つ。,定義、目的、実務上の使い方をセットで確認する。
G094,専門分野,医療統計,平均在院日数 94,延在院患者数を退院患者数等で割って算出する代表的指標。,定義、目的、実務上の使い方をセットで確認する。
G095,専門分野,医療情報,監査ログ 95,誰がいつ何を行ったかを確認するための記録。,定義、目的、実務上の使い方をセットで確認する。
G096,専門分野,がん登録,進展度 96,がんの広がりを示す登録項目。,定義、目的、実務上の使い方をセットで確認する。
G097,基礎分野,解剖生理,肺胞 97,肺でガス交換を行う小さな構造。,定義、目的、実務上の使い方をセットで確認する。
G098,基礎分野,病理,炎症 98,組織障害に対する生体反応。,定義、目的、実務上の使い方をセットで確認する。
G099,基礎分野,臨床医学,糖尿病 99,慢性的な高血糖を特徴とする代謝疾患。,定義、目的、実務上の使い方をセットで確認する。
G100,専門分野,診療録管理,真正性 100,記録が正当な作成者により作成され改ざんされていない性質。,定義、目的、実務上の使い方をセットで確認する。
G101,専門分野,診療録管理,見読性 101,必要時に記録内容を読んで理解できる性質。,定義、目的、実務上の使い方をセットで確認する。
G102,専門分野,診療録管理,保存性 102,定められた期間、記録を利用可能な状態で保管する性質。,定義、目的、実務上の使い方をセットで確認する。
G103,専門分野,疾病分類,ICD 103,疾病および関連保健問題の国際統計分類。,定義、目的、実務上の使い方をセットで確認する。
G104,専門分野,DPC,MDC 104,主要診断群。DPC分類の大きな枠組み。,定義、目的、実務上の使い方をセットで確認する。
G105,専門分野,DPC,様式1 105,DPC調査で提出する診療情報データの一つ。,定義、目的、実務上の使い方をセットで確認する。
G106,専門分野,医療統計,平均在院日数 106,延在院患者数を退院患者数等で割って算出する代表的指標。,定義、目的、実務上の使い方をセットで確認する。
G107,専門分野,医療情報,監査ログ 107,誰がいつ何を行ったかを確認するための記録。,定義、目的、実務上の使い方をセットで確認する。
G108,専門分野,がん登録,進展度 108,がんの広がりを示す登録項目。,定義、目的、実務上の使い方をセットで確認する。
G109,基礎分野,解剖生理,肺胞 109,肺でガス交換を行う小さな構造。,定義、目的、実務上の使い方をセットで確認する。
G110,基礎分野,病理,炎症 110,組織障害に対する生体反応。,定義、目的、実務上の使い方をセットで確認する。
G111,基礎分野,臨床医学,糖尿病 111,慢性的な高血糖を特徴とする代謝疾患。,定義、目的、実務上の使い方をセットで確認する。
G112,専門分野,診療録管理,真正性 112,記録が正当な作成者により作成され改ざんされていない性質。,定義、目的、実務上の使い方をセットで確認する。
G113,専門分野,診療録管理,見読性 113,必要時に記録内容を読んで理解できる性質。,定義、目的、実務上の使い方をセットで確認する。
G114,専門分野,診療録管理,保存性 114,定められた期間、記録を利用可能な状態で保管する性質。,定義、目的、実務上の使い方をセットで確認する。
G115,専門分野,疾病分類,ICD 115,疾病および関連保健問題の国際統計分類。,定義、目的、実務上の使い方をセットで確認する。
G116,専門分野,DPC,MDC 116,主要診断群。DPC分類の大きな枠組み。,定義、目的、実務上の使い方をセットで確認する。
G117,専門分野,DPC,様式1 117,DPC調査で提出する診療情報データの一つ。,定義、目的、実務上の使い方をセットで確認する。
G118,専門分野,医療統計,平均在院日数 118,延在院患者数を退院患者数等で割って算出する代表的指標。,定義、目的、実務上の使い方をセットで確認する。
G119,専門分野,医療情報,監査ログ 119,誰がいつ何を行ったかを確認するための記録。,定義、目的、実務上の使い方をセットで確認する。
G120,専門分野,がん登録,進展度 120,がんの広がりを示す登録項目。,定義、目的、実務上の使い方をセットで確認する。
G121,基礎分野,解剖生理,肺胞 121,肺でガス交換を行う小さな構造。,定義、目的、実務上の使い方をセットで確認する。
G122,基礎分野,病理,炎症 122,組織障害に対する生体反応。,定義、目的、実務上の使い方をセットで確認する。
G123,基礎分野,臨床医学,糖尿病 123,慢性的な高血糖を特徴とする代謝疾患。,定義、目的、実務上の使い方をセットで確認する。
G124,専門分野,診療録管理,真正性 124,記録が正当な作成者により作成され改ざんされていない性質。,定義、目的、実務上の使い方をセットで確認する。
G125,専門分野,診療録管理,見読性 125,必要時に記録内容を読んで理解できる性質。,定義、目的、実務上の使い方をセットで確認する。
G126,専門分野,診療録管理,保存性 126,定められた期間、記録を利用可能な状態で保管する性質。,定義、目的、実務上の使い方をセットで確認する。
G127,専門分野,疾病分類,ICD 127,疾病および関連保健問題の国際統計分類。,定義、目的、実務上の使い方をセットで確認する。
G128,専門分野,DPC,MDC 128,主要診断群。DPC分類の大きな枠組み。,定義、目的、実務上の使い方をセットで確認する。
G129,専門分野,DPC,様式1 129,DPC調査で提出する診療情報データの一つ。,定義、目的、実務上の使い方をセットで確認する。
G130,専門分野,医療統計,平均在院日数 130,延在院患者数を退院患者数等で割って算出する代表的指標。,定義、目的、実務上の使い方をセットで確認する。
G131,専門分野,医療情報,監査ログ 131,誰がいつ何を行ったかを確認するための記録。,定義、目的、実務上の使い方をセットで確認する。
G132,専門分野,がん登録,進展度 132,がんの広がりを示す登録項目。,定義、目的、実務上の使い方をセットで確認する。
G133,基礎分野,解剖生理,肺胞 133,肺でガス交換を行う小さな構造。,定義、目的、実務上の使い方をセットで確認する。
G134,基礎分野,病理,炎症 134,組織障害に対する生体反応。,定義、目的、実務上の使い方をセットで確認する。
G135,基礎分野,臨床医学,糖尿病 135,慢性的な高血糖を特徴とする代謝疾患。,定義、目的、実務上の使い方をセットで確認する。
G136,専門分野,診療録管理,真正性 136,記録が正当な作成者により作成され改ざんされていない性質。,定義、目的、実務上の使い方をセットで確認する。
G137,専門分野,診療録管理,見読性 137,必要時に記録内容を読んで理解できる性質。,定義、目的、実務上の使い方をセットで確認する。
G138,専門分野,診療録管理,保存性 138,定められた期間、記録を利用可能な状態で保管する性質。,定義、目的、実務上の使い方をセットで確認する。
G139,専門分野,疾病分類,ICD 139,疾病および関連保健問題の国際統計分類。,定義、目的、実務上の使い方をセットで確認する。
G140,専門分野,DPC,MDC 140,主要診断群。DPC分類の大きな枠組み。,定義、目的、実務上の使い方をセットで確認する。
G141,専門分野,DPC,様式1 141,DPC調査で提出する診療情報データの一つ。,定義、目的、実務上の使い方をセットで確認する。
G142,専門分野,医療統計,平均在院日数 142,延在院患者数を退院患者数等で割って算出する代表的指標。,定義、目的、実務上の使い方をセットで確認する。
G143,専門分野,医療情報,監査ログ 143,誰がいつ何を行ったかを確認するための記録。,定義、目的、実務上の使い方をセットで確認する。
G144,専門分野,がん登録,進展度 144,がんの広がりを示す登録項目。,定義、目的、実務上の使い方をセットで確認する。
G145,基礎分野,解剖生理,肺胞 145,肺でガス交換を行う小さな構造。,定義、目的、実務上の使い方をセットで確認する。
G146,基礎分野,病理,炎症 146,組織障害に対する生体反応。,定義、目的、実務上の使い方をセットで確認する。
G147,基礎分野,臨床医学,糖尿病 147,慢性的な高血糖を特徴とする代謝疾患。,定義、目的、実務上の使い方をセットで確認する。
G148,専門分野,診療録管理,真正性 148,記録が正当な作成者により作成され改ざんされていない性質。,定義、目的、実務上の使い方をセットで確認する。
G149,専門分野,診療録管理,見読性 149,必要時に記録内容を読んで理解できる性質。,定義、目的、実務上の使い方をセットで確認する。
G150,専門分野,診療録管理,保存性 150,定められた期間、記録を利用可能な状態で保管する性質。,定義、目的、実務上の使い方をセットで確認する。
G151,専門分野,疾病分類,ICD 151,疾病および関連保健問題の国際統計分類。,定義、目的、実務上の使い方をセットで確認する。
G152,専門分野,DPC,MDC 152,主要診断群。DPC分類の大きな枠組み。,定義、目的、実務上の使い方をセットで確認する。
G153,専門分野,DPC,様式1 153,DPC調査で提出する診療情報データの一つ。,定義、目的、実務上の使い方をセットで確認する。
G154,専門分野,医療統計,平均在院日数 154,延在院患者数を退院患者数等で割って算出する代表的指標。,定義、目的、実務上の使い方をセットで確認する。
G155,専門分野,医療情報,監査ログ 155,誰がいつ何を行ったかを確認するための記録。,定義、目的、実務上の使い方をセットで確認する。
G156,専門分野,がん登録,進展度 156,がんの広がりを示す登録項目。,定義、目的、実務上の使い方をセットで確認する。
G157,基礎分野,解剖生理,肺胞 157,肺でガス交換を行う小さな構造。,定義、目的、実務上の使い方をセットで確認する。
G158,基礎分野,病理,炎症 158,組織障害に対する生体反応。,定義、目的、実務上の使い方をセットで確認する。
G159,基礎分野,臨床医学,糖尿病 159,慢性的な高血糖を特徴とする代謝疾患。,定義、目的、実務上の使い方をセットで確認する。
G160,専門分野,診療録管理,真正性 160,記録が正当な作成者により作成され改ざんされていない性質。,定義、目的、実務上の使い方をセットで確認する。
G161,専門分野,診療録管理,見読性 161,必要時に記録内容を読んで理解できる性質。,定義、目的、実務上の使い方をセットで確認する。
G162,専門分野,診療録管理,保存性 162,定められた期間、記録を利用可能な状態で保管する性質。,定義、目的、実務上の使い方をセットで確認する。
G163,専門分野,疾病分類,ICD 163,疾病および関連保健問題の国際統計分類。,定義、目的、実務上の使い方をセットで確認する。
G164,専門分野,DPC,MDC 164,主要診断群。DPC分類の大きな枠組み。,定義、目的、実務上の使い方をセットで確認する。
G165,専門分野,DPC,様式1 165,DPC調査で提出する診療情報データの一つ。,定義、目的、実務上の使い方をセットで確認する。
G166,専門分野,医療統計,平均在院日数 166,延在院患者数を退院患者数等で割って算出する代表的指標。,定義、目的、実務上の使い方をセットで確認する。
G167,専門分野,医療情報,監査ログ 167,誰がいつ何を行ったかを確認するための記録。,定義、目的、実務上の使い方をセットで確認する。
G168,専門分野,がん登録,進展度 168,がんの広がりを示す登録項目。,定義、目的、実務上の使い方をセットで確認する。
G169,基礎分野,解剖生理,肺胞 169,肺でガス交換を行う小さな構造。,定義、目的、実務上の使い方をセットで確認する。
G170,基礎分野,病理,炎症 170,組織障害に対する生体反応。,定義、目的、実務上の使い方をセットで確認する。
G171,基礎分野,臨床医学,糖尿病 171,慢性的な高血糖を特徴とする代謝疾患。,定義、目的、実務上の使い方をセットで確認する。
G172,専門分野,診療録管理,真正性 172,記録が正当な作成者により作成され改ざんされていない性質。,定義、目的、実務上の使い方をセットで確認する。
G173,専門分野,診療録管理,見読性 173,必要時に記録内容を読んで理解できる性質。,定義、目的、実務上の使い方をセットで確認する。
G174,専門分野,診療録管理,保存性 174,定められた期間、記録を利用可能な状態で保管する性質。,定義、目的、実務上の使い方をセットで確認する。
G175,専門分野,疾病分類,ICD 175,疾病および関連保健問題の国際統計分類。,定義、目的、実務上の使い方をセットで確認する。
G176,専門分野,DPC,MDC 176,主要診断群。DPC分類の大きな枠組み。,定義、目的、実務上の使い方をセットで確認する。
G177,専門分野,DPC,様式1 177,DPC調査で提出する診療情報データの一つ。,定義、目的、実務上の使い方をセットで確認する。
G178,専門分野,医療統計,平均在院日数 178,延在院患者数を退院患者数等で割って算出する代表的指標。,定義、目的、実務上の使い方をセットで確認する。
G179,専門分野,医療情報,監査ログ 179,誰がいつ何を行ったかを確認するための記録。,定義、目的、実務上の使い方をセットで確認する。
G180,専門分野,がん登録,進展度 180,がんの広がりを示す登録項目。,定義、目的、実務上の使い方をセットで確認する。
G181,基礎分野,解剖生理,肺胞 181,肺でガス交換を行う小さな構造。,定義、目的、実務上の使い方をセットで確認する。
G182,基礎分野,病理,炎症 182,組織障害に対する生体反応。,定義、目的、実務上の使い方をセットで確認する。
G183,基礎分野,臨床医学,糖尿病 183,慢性的な高血糖を特徴とする代謝疾患。,定義、目的、実務上の使い方をセットで確認する。
G184,専門分野,診療録管理,真正性 184,記録が正当な作成者により作成され改ざんされていない性質。,定義、目的、実務上の使い方をセットで確認する。
G185,専門分野,診療録管理,見読性 185,必要時に記録内容を読んで理解できる性質。,定義、目的、実務上の使い方をセットで確認する。
G186,専門分野,診療録管理,保存性 186,定められた期間、記録を利用可能な状態で保管する性質。,定義、目的、実務上の使い方をセットで確認する。
G187,専門分野,疾病分類,ICD 187,疾病および関連保健問題の国際統計分類。,定義、目的、実務上の使い方をセットで確認する。
G188,専門分野,DPC,MDC 188,主要診断群。DPC分類の大きな枠組み。,定義、目的、実務上の使い方をセットで確認する。
G189,専門分野,DPC,様式1 189,DPC調査で提出する診療情報データの一つ。,定義、目的、実務上の使い方をセットで確認する。
G190,専門分野,医療統計,平均在院日数 190,延在院患者数を退院患者数等で割って算出する代表的指標。,定義、目的、実務上の使い方をセットで確認する。
G191,専門分野,医療情報,監査ログ 191,誰がいつ何を行ったかを確認するための記録。,定義、目的、実務上の使い方をセットで確認する。
G192,専門分野,がん登録,進展度 192,がんの広がりを示す登録項目。,定義、目的、実務上の使い方をセットで確認する。
G193,基礎分野,解剖生理,肺胞 193,肺でガス交換を行う小さな構造。,定義、目的、実務上の使い方をセットで確認する。
G194,基礎分野,病理,炎症 194,組織障害に対する生体反応。,定義、目的、実務上の使い方をセットで確認する。
G195,基礎分野,臨床医学,糖尿病 195,慢性的な高血糖を特徴とする代謝疾患。,定義、目的、実務上の使い方をセットで確認する。
G196,専門分野,診療録管理,真正性 196,記録が正当な作成者により作成され改ざんされていない性質。,定義、目的、実務上の使い方をセットで確認する。
G197,専門分野,診療録管理,見読性 197,必要時に記録内容を読んで理解できる性質。,定義、目的、実務上の使い方をセットで確認する。
G198,専門分野,診療録管理,保存性 198,定められた期間、記録を利用可能な状態で保管する性質。,定義、目的、実務上の使い方をセットで確認する。
G199,専門分野,疾病分類,ICD 199,疾病および関連保健問題の国際統計分類。,定義、目的、実務上の使い方をセットで確認する。
G200,専門分野,DPC,MDC 200,主要診断群。DPC分類の大きな枠組み。,定義、目的、実務上の使い方をセットで確認する。
G201,専門分野,DPC,様式1 201,DPC調査で提出する診療情報データの一つ。,定義、目的、実務上の使い方をセットで確認する。
G202,専門分野,医療統計,平均在院日数 202,延在院患者数を退院患者数等で割って算出する代表的指標。,定義、目的、実務上の使い方をセットで確認する。
G203,専門分野,医療情報,監査ログ 203,誰がいつ何を行ったかを確認するための記録。,定義、目的、実務上の使い方をセットで確認する。
G204,専門分野,がん登録,進展度 204,がんの広がりを示す登録項目。,定義、目的、実務上の使い方をセットで確認する。
G205,基礎分野,解剖生理,肺胞 205,肺でガス交換を行う小さな構造。,定義、目的、実務上の使い方をセットで確認する。
G206,基礎分野,病理,炎症 206,組織障害に対する生体反応。,定義、目的、実務上の使い方をセットで確認する。
G207,基礎分野,臨床医学,糖尿病 207,慢性的な高血糖を特徴とする代謝疾患。,定義、目的、実務上の使い方をセットで確認する。
G208,専門分野,診療録管理,真正性 208,記録が正当な作成者により作成され改ざんされていない性質。,定義、目的、実務上の使い方をセットで確認する。
G209,専門分野,診療録管理,見読性 209,必要時に記録内容を読んで理解できる性質。,定義、目的、実務上の使い方をセットで確認する。
G210,専門分野,診療録管理,保存性 210,定められた期間、記録を利用可能な状態で保管する性質。,定義、目的、実務上の使い方をセットで確認する。
G211,専門分野,疾病分類,ICD 211,疾病および関連保健問題の国際統計分類。,定義、目的、実務上の使い方をセットで確認する。
G212,専門分野,DPC,MDC 212,主要診断群。DPC分類の大きな枠組み。,定義、目的、実務上の使い方をセットで確認する。
G213,専門分野,DPC,様式1 213,DPC調査で提出する診療情報データの一つ。,定義、目的、実務上の使い方をセットで確認する。
G214,専門分野,医療統計,平均在院日数 214,延在院患者数を退院患者数等で割って算出する代表的指標。,定義、目的、実務上の使い方をセットで確認する。
G215,専門分野,医療情報,監査ログ 215,誰がいつ何を行ったかを確認するための記録。,定義、目的、実務上の使い方をセットで確認する。
G216,専門分野,がん登録,進展度 216,がんの広がりを示す登録項目。,定義、目的、実務上の使い方をセットで確認する。
G217,基礎分野,解剖生理,肺胞 217,肺でガス交換を行う小さな構造。,定義、目的、実務上の使い方をセットで確認する。
G218,基礎分野,病理,炎症 218,組織障害に対する生体反応。,定義、目的、実務上の使い方をセットで確認する。
G219,基礎分野,臨床医学,糖尿病 219,慢性的な高血糖を特徴とする代謝疾患。,定義、目的、実務上の使い方をセットで確認する。
G220,専門分野,診療録管理,真正性 220,記録が正当な作成者により作成され改ざんされていない性質。,定義、目的、実務上の使い方をセットで確認する。
G221,専門分野,診療録管理,見読性 221,必要時に記録内容を読んで理解できる性質。,定義、目的、実務上の使い方をセットで確認する。
G222,専門分野,診療録管理,保存性 222,定められた期間、記録を利用可能な状態で保管する性質。,定義、目的、実務上の使い方をセットで確認する。
G223,専門分野,疾病分類,ICD 223,疾病および関連保健問題の国際統計分類。,定義、目的、実務上の使い方をセットで確認する。
G224,専門分野,DPC,MDC 224,主要診断群。DPC分類の大きな枠組み。,定義、目的、実務上の使い方をセットで確認する。
G225,専門分野,DPC,様式1 225,DPC調査で提出する診療情報データの一つ。,定義、目的、実務上の使い方をセットで確認する。
G226,専門分野,医療統計,平均在院日数 226,延在院患者数を退院患者数等で割って算出する代表的指標。,定義、目的、実務上の使い方をセットで確認する。
G227,専門分野,医療情報,監査ログ 227,誰がいつ何を行ったかを確認するための記録。,定義、目的、実務上の使い方をセットで確認する。
G228,専門分野,がん登録,進展度 228,がんの広がりを示す登録項目。,定義、目的、実務上の使い方をセットで確認する。
G229,基礎分野,解剖生理,肺胞 229,肺でガス交換を行う小さな構造。,定義、目的、実務上の使い方をセットで確認する。
G230,基礎分野,病理,炎症 230,組織障害に対する生体反応。,定義、目的、実務上の使い方をセットで確認する。
G231,基礎分野,臨床医学,糖尿病 231,慢性的な高血糖を特徴とする代謝疾患。,定義、目的、実務上の使い方をセットで確認する。
G232,専門分野,診療録管理,真正性 232,記録が正当な作成者により作成され改ざんされていない性質。,定義、目的、実務上の使い方をセットで確認する。
G233,専門分野,診療録管理,見読性 233,必要時に記録内容を読んで理解できる性質。,定義、目的、実務上の使い方をセットで確認する。
G234,専門分野,診療録管理,保存性 234,定められた期間、記録を利用可能な状態で保管する性質。,定義、目的、実務上の使い方をセットで確認する。
G235,専門分野,疾病分類,ICD 235,疾病および関連保健問題の国際統計分類。,定義、目的、実務上の使い方をセットで確認する。
G236,専門分野,DPC,MDC 236,主要診断群。DPC分類の大きな枠組み。,定義、目的、実務上の使い方をセットで確認する。
G237,専門分野,DPC,様式1 237,DPC調査で提出する診療情報データの一つ。,定義、目的、実務上の使い方をセットで確認する。
G238,専門分野,医療統計,平均在院日数 238,延在院患者数を退院患者数等で割って算出する代表的指標。,定義、目的、実務上の使い方をセットで確認する。
G239,専門分野,医療情報,監査ログ 239,誰がいつ何を行ったかを確認するための記録。,定義、目的、実務上の使い方をセットで確認する。
G240,専門分野,がん登録,進展度 240,がんの広がりを示す登録項目。,定義、目的、実務上の使い方をセットで確認する。
G241,基礎分野,解剖生理,肺胞 241,肺でガス交換を行う小さな構造。,定義、目的、実務上の使い方をセットで確認する。
G242,基礎分野,病理,炎症 242,組織障害に対する生体反応。,定義、目的、実務上の使い方をセットで確認する。
G243,基礎分野,臨床医学,糖尿病 243,慢性的な高血糖を特徴とする代謝疾患。,定義、目的、実務上の使い方をセットで確認する。
G244,専門分野,診療録管理,真正性 244,記録が正当な作成者により作成され改ざんされていない性質。,定義、目的、実務上の使い方をセットで確認する。
G245,専門分野,診療録管理,見読性 245,必要時に記録内容を読んで理解できる性質。,定義、目的、実務上の使い方をセットで確認する。
G246,専門分野,診療録管理,保存性 246,定められた期間、記録を利用可能な状態で保管する性質。,定義、目的、実務上の使い方をセットで確認する。
G247,専門分野,疾病分類,ICD 247,疾病および関連保健問題の国際統計分類。,定義、目的、実務上の使い方をセットで確認する。
G248,専門分野,DPC,MDC 248,主要診断群。DPC分類の大きな枠組み。,定義、目的、実務上の使い方をセットで確認する。
G249,専門分野,DPC,様式1 249,DPC調査で提出する診療情報データの一つ。,定義、目的、実務上の使い方をセットで確認する。
G250,専門分野,医療統計,平均在院日数 250,延在院患者数を退院患者数等で割って算出する代表的指標。,定義、目的、実務上の使い方をセットで確認する。
G251,専門分野,医療情報,監査ログ 251,誰がいつ何を行ったかを確認するための記録。,定義、目的、実務上の使い方をセットで確認する。
G252,専門分野,がん登録,進展度 252,がんの広がりを示す登録項目。,定義、目的、実務上の使い方をセットで確認する。
G253,基礎分野,解剖生理,肺胞 253,肺でガス交換を行う小さな構造。,定義、目的、実務上の使い方をセットで確認する。
G254,基礎分野,病理,炎症 254,組織障害に対する生体反応。,定義、目的、実務上の使い方をセットで確認する。
G255,基礎分野,臨床医学,糖尿病 255,慢性的な高血糖を特徴とする代謝疾患。,定義、目的、実務上の使い方をセットで確認する。
G256,専門分野,診療録管理,真正性 256,記録が正当な作成者により作成され改ざんされていない性質。,定義、目的、実務上の使い方をセットで確認する。
G257,専門分野,診療録管理,見読性 257,必要時に記録内容を読んで理解できる性質。,定義、目的、実務上の使い方をセットで確認する。
G258,専門分野,診療録管理,保存性 258,定められた期間、記録を利用可能な状態で保管する性質。,定義、目的、実務上の使い方をセットで確認する。
G259,専門分野,疾病分類,ICD 259,疾病および関連保健問題の国際統計分類。,定義、目的、実務上の使い方をセットで確認する。
G260,専門分野,DPC,MDC 260,主要診断群。DPC分類の大きな枠組み。,定義、目的、実務上の使い方をセットで確認する。
G261,専門分野,DPC,様式1 261,DPC調査で提出する診療情報データの一つ。,定義、目的、実務上の使い方をセットで確認する。
G262,専門分野,医療統計,平均在院日数 262,延在院患者数を退院患者数等で割って算出する代表的指標。,定義、目的、実務上の使い方をセットで確認する。
G263,専門分野,医療情報,監査ログ 263,誰がいつ何を行ったかを確認するための記録。,定義、目的、実務上の使い方をセットで確認する。
G264,専門分野,がん登録,進展度 264,がんの広がりを示す登録項目。,定義、目的、実務上の使い方をセットで確認する。
G265,基礎分野,解剖生理,肺胞 265,肺でガス交換を行う小さな構造。,定義、目的、実務上の使い方をセットで確認する。
G266,基礎分野,病理,炎症 266,組織障害に対する生体反応。,定義、目的、実務上の使い方をセットで確認する。
G267,基礎分野,臨床医学,糖尿病 267,慢性的な高血糖を特徴とする代謝疾患。,定義、目的、実務上の使い方をセットで確認する。
G268,専門分野,診療録管理,真正性 268,記録が正当な作成者により作成され改ざんされていない性質。,定義、目的、実務上の使い方をセットで確認する。
G269,専門分野,診療録管理,見読性 269,必要時に記録内容を読んで理解できる性質。,定義、目的、実務上の使い方をセットで確認する。
G270,専門分野,診療録管理,保存性 270,定められた期間、記録を利用可能な状態で保管する性質。,定義、目的、実務上の使い方をセットで確認する。
G271,専門分野,疾病分類,ICD 271,疾病および関連保健問題の国際統計分類。,定義、目的、実務上の使い方をセットで確認する。
G272,専門分野,DPC,MDC 272,主要診断群。DPC分類の大きな枠組み。,定義、目的、実務上の使い方をセットで確認する。
G273,専門分野,DPC,様式1 273,DPC調査で提出する診療情報データの一つ。,定義、目的、実務上の使い方をセットで確認する。
G274,専門分野,医療統計,平均在院日数 274,延在院患者数を退院患者数等で割って算出する代表的指標。,定義、目的、実務上の使い方をセットで確認する。
G275,専門分野,医療情報,監査ログ 275,誰がいつ何を行ったかを確認するための記録。,定義、目的、実務上の使い方をセットで確認する。
G276,専門分野,がん登録,進展度 276,がんの広がりを示す登録項目。,定義、目的、実務上の使い方をセットで確認する。
G277,基礎分野,解剖生理,肺胞 277,肺でガス交換を行う小さな構造。,定義、目的、実務上の使い方をセットで確認する。
G278,基礎分野,病理,炎症 278,組織障害に対する生体反応。,定義、目的、実務上の使い方をセットで確認する。
G279,基礎分野,臨床医学,糖尿病 279,慢性的な高血糖を特徴とする代謝疾患。,定義、目的、実務上の使い方をセットで確認する。
G280,専門分野,診療録管理,真正性 280,記録が正当な作成者により作成され改ざんされていない性質。,定義、目的、実務上の使い方をセットで確認する。
G281,専門分野,診療録管理,見読性 281,必要時に記録内容を読んで理解できる性質。,定義、目的、実務上の使い方をセットで確認する。
G282,専門分野,診療録管理,保存性 282,定められた期間、記録を利用可能な状態で保管する性質。,定義、目的、実務上の使い方をセットで確認する。
G283,専門分野,疾病分類,ICD 283,疾病および関連保健問題の国際統計分類。,定義、目的、実務上の使い方をセットで確認する。
G284,専門分野,DPC,MDC 284,主要診断群。DPC分類の大きな枠組み。,定義、目的、実務上の使い方をセットで確認する。
G285,専門分野,DPC,様式1 285,DPC調査で提出する診療情報データの一つ。,定義、目的、実務上の使い方をセットで確認する。
G286,専門分野,医療統計,平均在院日数 286,延在院患者数を退院患者数等で割って算出する代表的指標。,定義、目的、実務上の使い方をセットで確認する。
G287,専門分野,医療情報,監査ログ 287,誰がいつ何を行ったかを確認するための記録。,定義、目的、実務上の使い方をセットで確認する。
G288,専門分野,がん登録,進展度 288,がんの広がりを示す登録項目。,定義、目的、実務上の使い方をセットで確認する。
G289,基礎分野,解剖生理,肺胞 289,肺でガス交換を行う小さな構造。,定義、目的、実務上の使い方をセットで確認する。
G290,基礎分野,病理,炎症 290,組織障害に対する生体反応。,定義、目的、実務上の使い方をセットで確認する。
G291,基礎分野,臨床医学,糖尿病 291,慢性的な高血糖を特徴とする代謝疾患。,定義、目的、実務上の使い方をセットで確認する。
G292,専門分野,診療録管理,真正性 292,記録が正当な作成者により作成され改ざんされていない性質。,定義、目的、実務上の使い方をセットで確認する。
G293,専門分野,診療録管理,見読性 293,必要時に記録内容を読んで理解できる性質。,定義、目的、実務上の使い方をセットで確認する。
G294,専門分野,診療録管理,保存性 294,定められた期間、記録を利用可能な状態で保管する性質。,定義、目的、実務上の使い方をセットで確認する。
G295,専門分野,疾病分類,ICD 295,疾病および関連保健問題の国際統計分類。,定義、目的、実務上の使い方をセットで確認する。
G296,専門分野,DPC,MDC 296,主要診断群。DPC分類の大きな枠組み。,定義、目的、実務上の使い方をセットで確認する。
G297,専門分野,DPC,様式1 297,DPC調査で提出する診療情報データの一つ。,定義、目的、実務上の使い方をセットで確認する。
G298,専門分野,医療統計,平均在院日数 298,延在院患者数を退院患者数等で割って算出する代表的指標。,定義、目的、実務上の使い方をセットで確認する。
G299,専門分野,医療情報,監査ログ 299,誰がいつ何を行ったかを確認するための記録。,定義、目的、実務上の使い方をセットで確認する。
G300,専門分野,がん登録,進展度 300,がんの広がりを示す登録項目。,定義、目的、実務上の使い方をセットで確認する。
